private_uri,label,type,wikidata_uri,confidence
http://moviekg.local/resource/movie_1003596,Avengers: Doomsday,Movie,http://www.wikidata.org/entity/Q113244839,1.0
http://moviekg.local/resource/movie_1010581,My Fault,Movie,http://www.wikidata.org/entity/Q126063272,0.8
http://moviekg.local/resource/movie_1019361,Hamdan,Movie,http://www.wikidata.org/entity/Q12485152,0.5
http://moviekg.local/resource/movie_10528,Sherlock Holmes,Movie,http://www.wikidata.org/entity/Q200396,1.0
http://moviekg.local/resource/movie_10538,Passenger 57,Movie,http://www.wikidata.org/entity/Q325691,1.0
http://moviekg.local/resource/movie_1054867,One Battle After Another,Movie,http://www.wikidata.org/entity/Q117085614,1.0
http://moviekg.local/resource/movie_1058710,Bloodline Killer,Movie,http://www.wikidata.org/entity/Q116951732,1.0
http://moviekg.local/resource/movie_1061474,Superman,Movie,http://www.wikidata.org/entity/Q213053,1.0
http://moviekg.local/resource/movie_1062722,Frankenstein,Movie,http://www.wikidata.org/entity/Q37235204,0.5
http://moviekg.local/resource/movie_1081676,Forgotten Love,Movie,http://www.wikidata.org/entity/Q132818773,0.5
http://moviekg.local/resource/movie_1084242,Zootopia 2,Movie,http://www.wikidata.org/entity/Q116764712,1.0
http://moviekg.local/resource/movie_1108427,Moana,Movie,http://www.wikidata.org/entity/Q18647981,1.0
http://moviekg.local/resource/movie_1119449,"Good Luck, Have Fun, Don't Die",Movie,http://www.wikidata.org/entity/Q125843356,1.0
http://moviekg.local/resource/movie_11235,Local Hero,Movie,http://www.wikidata.org/entity/Q639969,1.0
http://moviekg.local/resource/movie_11431,Fever Pitch,Movie,http://www.wikidata.org/entity/Q1304902,1.0
http://moviekg.local/resource/movie_114891,Pathinaaru,Movie,http://www.wikidata.org/entity/Q7144782,1.0
http://moviekg.local/resource/movie_1159559,Scream 7,Movie,http://www.wikidata.org/entity/Q124758309,1.0
http://moviekg.local/resource/movie_1167307,David,Movie,http://www.wikidata.org/entity/Q18057751,0.5
http://moviekg.local/resource/movie_1171145,Crime 101,Movie,http://www.wikidata.org/entity/Q126394034,1.0
http://moviekg.local/resource/movie_117878,Kiss at Pine Lake,Movie,http://www.wikidata.org/entity/Q3319828,1.0
http://moviekg.local/resource/movie_1180831,Troll 2,Movie,http://www.wikidata.org/entity/Q133458191,1.0
http://moviekg.local/resource/movie_1182199,Hemmet,Movie,http://www.wikidata.org/entity/Q110290838,0.5
http://moviekg.local/resource/movie_11851,The Presidio,Movie,http://www.wikidata.org/entity/Q1756022,1.0
http://moviekg.local/resource/movie_1191876,From the Ashes,Movie,http://www.wikidata.org/entity/Q122379677,0.5
http://moviekg.local/resource/movie_1193501,Whistle,Movie,http://www.wikidata.org/entity/Q204917,0.5
http://moviekg.local/resource/movie_1196067,Worldbreaker,Movie,http://www.wikidata.org/entity/Q124948054,1.0
http://moviekg.local/resource/movie_1198994,Send Help,Movie,http://www.wikidata.org/entity/Q132200341,1.0
http://moviekg.local/resource/movie_1217584,Torrente for President,Movie,http://www.wikidata.org/entity/Q136410910,1.0
http://moviekg.local/resource/movie_1218925,Chainsaw Man - The Movie: Reze Arc,Movie,http://www.wikidata.org/entity/Q123906765,1.0
http://moviekg.local/resource/movie_122,The Lord of the Rings: The Return of the King,Movie,http://www.wikidata.org/entity/Q131074,1.0
http://moviekg.local/resource/movie_1226863,The Super Mario Galaxy Movie,Movie,http://www.wikidata.org/entity/Q124806421,1.0
http://moviekg.local/resource/movie_1228246,Five Nights at Freddy's 2,Movie,http://www.wikidata.org/entity/Q124216482,1.0
http://moviekg.local/resource/movie_1233413,Sinners,Movie,http://www.wikidata.org/entity/Q7524696,1.0
http://moviekg.local/resource/movie_1234731,Anaconda,Movie,http://www.wikidata.org/entity/Q464042,1.0
http://moviekg.local/resource/movie_1234821,Jurassic World Rebirth,Movie,http://www.wikidata.org/entity/Q124380480,1.0
http://moviekg.local/resource/movie_1236153,Mercy,Movie,http://www.wikidata.org/entity/Q28538655,0.5
http://moviekg.local/resource/movie_12405,Slumdog Millionaire,Movie,http://www.wikidata.org/entity/Q125076,1.0
http://moviekg.local/resource/movie_1242898,Predator: Badlands,Movie,http://www.wikidata.org/entity/Q126396314,1.0
http://moviekg.local/resource/movie_1248226,Playdate,Movie,http://www.wikidata.org/entity/Q3906510,1.0
http://moviekg.local/resource/movie_1262,Stranger Than Fiction,Movie,http://www.wikidata.org/entity/Q151898,1.0
http://moviekg.local/resource/movie_1265609,War Machine,Movie,http://www.wikidata.org/entity/Q21463782,1.0
http://moviekg.local/resource/movie_1266127,Ready or Not: Here I Come,Movie,http://www.wikidata.org/entity/Q134054683,0.8
http://moviekg.local/resource/movie_1272837,28 Years Later: The Bone Temple,Movie,http://www.wikidata.org/entity/Q129423731,1.0
http://moviekg.local/resource/movie_1284460,Alpha,Movie,http://www.wikidata.org/entity/Q1971112,0.5
http://moviekg.local/resource/movie_129,Spirited Away,Movie,http://www.wikidata.org/entity/Q155653,1.0
http://moviekg.local/resource/movie_1290821,Shelter,Movie,http://www.wikidata.org/entity/Q37286933,0.5
http://moviekg.local/resource/movie_1291335,Solo Mio,Movie,http://www.wikidata.org/entity/Q134644415,1.0
http://moviekg.local/resource/movie_1291608,Dhurandhar,Movie,http://www.wikidata.org/entity/Q135230927,1.0
http://moviekg.local/resource/movie_1297842,GOAT,Movie,http://www.wikidata.org/entity/Q132456673,1.0
http://moviekg.local/resource/movie_1305781,Blades of the Guardians: Wind Rises in the Desert,Movie,NOT_FOUND,0.0
http://moviekg.local/resource/movie_1306368,The Rip,Movie,http://www.wikidata.org/entity/Q131189949,1.0
http://moviekg.local/resource/movie_1311031,Demon Slayer: Kimetsu no Yaiba Infinity Castle,Movie,http://www.wikidata.org/entity/Q126948105,0.8
http://moviekg.local/resource/movie_1314786,Agent Zeta,Movie,http://www.wikidata.org/entity/Q130367884,1.0
http://moviekg.local/resource/movie_1316092,"""Wuthering Heights""",Movie,http://www.wikidata.org/entity/Q130393881,0.8
http://moviekg.local/resource/movie_1317288,Marty Supreme,Movie,http://www.wikidata.org/entity/Q130118681,1.0
http://moviekg.local/resource/movie_1317672,Love Me Love Me,Movie,http://www.wikidata.org/entity/Q137786118,0.8
http://moviekg.local/resource/movie_1327819,Hoppers,Movie,http://www.wikidata.org/entity/Q128798957,1.0
http://moviekg.local/resource/movie_133200,Masquerade,Movie,http://www.wikidata.org/entity/Q11936114,0.5
http://moviekg.local/resource/movie_1362514,House on Eden,Movie,http://www.wikidata.org/entity/Q135475918,1.0
http://moviekg.local/resource/movie_1363123,The Family Plan 2,Movie,http://www.wikidata.org/entity/Q132682968,1.0
http://moviekg.local/resource/movie_1367642,Reminders of Him,Movie,http://www.wikidata.org/entity/Q133886934,1.0
http://moviekg.local/resource/movie_1367763,Lilly Lives Alone,Movie,NOT_FOUND,0.0
http://moviekg.local/resource/movie_1368166,The Housemaid,Movie,http://www.wikidata.org/entity/Q49729,1.0
http://moviekg.local/resource/movie_1381027,Good Boy,Movie,http://www.wikidata.org/entity/Q133427678,1.0
http://moviekg.local/resource/movie_1381216,Lake Jesup: Bonecrusher's Revenge,Movie,NOT_FOUND,0.0
http://moviekg.local/resource/movie_1387382,Hunting Season,Movie,http://www.wikidata.org/entity/Q367228,1.0
http://moviekg.local/resource/movie_1401778,Turbulence,Movie,http://www.wikidata.org/entity/Q727775,1.0
http://moviekg.local/resource/movie_1419406,The Shadow's Edge,Movie,http://www.wikidata.org/entity/Q135919148,1.0
http://moviekg.local/resource/movie_1424965,Ice Skater,Movie,http://www.wikidata.org/entity/Q138507601,0.8
http://moviekg.local/resource/movie_14262,Desperate Living,Movie,http://www.wikidata.org/entity/Q2017468,1.0
http://moviekg.local/resource/movie_1426297,Play Dead,Movie,http://www.wikidata.org/entity/Q3392098,0.5
http://moviekg.local/resource/movie_1426964,State of Fear,Movie,http://www.wikidata.org/entity/Q7603743,0.8
http://moviekg.local/resource/movie_1439112,Muzzle: City of Wolves,Movie,http://www.wikidata.org/entity/Q136432677,1.0
http://moviekg.local/resource/movie_14671,Summer School,Movie,http://www.wikidata.org/entity/Q1518770,1.0
http://moviekg.local/resource/movie_14778,Last Orders,Movie,http://www.wikidata.org/entity/Q3423109,1.0
http://moviekg.local/resource/movie_1488684,The Robbers,Movie,http://www.wikidata.org/entity/Q7761193,1.0
http://moviekg.local/resource/movie_1511417,Bāhubali: The Epic,Movie,NOT_FOUND,0.0
http://moviekg.local/resource/movie_1516744,Shall we Dance?,Movie,http://www.wikidata.org/entity/Q72450,1.0
http://moviekg.local/resource/movie_1523145,Your Heart Will Be Broken,Movie,NOT_FOUND,0.0
http://moviekg.local/resource/movie_1539104,JUJUTSU KAISEN: Execution,Movie,http://www.wikidata.org/entity/Q136436677,1.0
http://moviekg.local/resource/movie_1572073,The Deadly Little Mermaid,Movie,NOT_FOUND,0.0
http://moviekg.local/resource/movie_1582770,Dhurandhar: The Revenge,Movie,http://www.wikidata.org/entity/Q137998501,1.0
http://moviekg.local/resource/movie_1611398,Un hombre por semana,Movie,NOT_FOUND,0.0
http://moviekg.local/resource/movie_1634301,Vanaveera,Movie,http://www.wikidata.org/entity/Q137844961,1.0
http://moviekg.local/resource/movie_16415,Sweet 'n Short,Movie,http://www.wikidata.org/entity/Q7655177,1.0
http://moviekg.local/resource/movie_1646787,Sundutan,Movie,http://www.wikidata.org/entity/Q13545907,0.5
http://moviekg.local/resource/movie_181808,Star Wars: The Last Jedi,Movie,http://www.wikidata.org/entity/Q18486021,0.8
http://moviekg.local/resource/movie_185341,[REC]⁴ Apocalypse,Movie,NOT_FOUND,0.0
http://moviekg.local/resource/movie_19995,Avatar,Movie,http://www.wikidata.org/entity/Q29387886,1.0
http://moviekg.local/resource/movie_203121,Robin Hood,Movie,http://www.wikidata.org/entity/Q19090,1.0
http://moviekg.local/resource/movie_206194,Transistorized!,Movie,NOT_FOUND,0.0
http://moviekg.local/resource/movie_225914,Spider-Man,Movie,http://www.wikidata.org/entity/Q484442,1.0
http://moviekg.local/resource/movie_227156,The Giver,Movie,http://www.wikidata.org/entity/Q15079344,1.0
http://moviekg.local/resource/movie_237335,Grape Nutty,Movie,NOT_FOUND,0.0
http://moviekg.local/resource/movie_238,The Godfather,Movie,http://www.wikidata.org/entity/Q47703,1.0
http://moviekg.local/resource/movie_24428,The Avengers,Movie,http://www.wikidata.org/entity/Q182218,1.0
http://moviekg.local/resource/movie_244458,The Voices,Movie,http://www.wikidata.org/entity/Q15040678,1.0
http://moviekg.local/resource/movie_254023,The Humbling,Movie,http://www.wikidata.org/entity/Q16985254,1.0
http://moviekg.local/resource/movie_254472,Stung,Movie,http://www.wikidata.org/entity/Q21334154,1.0
http://moviekg.local/resource/movie_262267,Darkest Night,Movie,http://www.wikidata.org/entity/Q17104441,1.0
http://moviekg.local/resource/movie_269149,Zootopia,Movie,http://www.wikidata.org/entity/Q15270647,1.0
http://moviekg.local/resource/movie_27205,Inception,Movie,http://www.wikidata.org/entity/Q25188,1.0
http://moviekg.local/resource/movie_278154,Ice Age: Collision Course,Movie,http://www.wikidata.org/entity/Q15965953,1.0
http://moviekg.local/resource/movie_299534,Avengers: Endgame,Movie,http://www.wikidata.org/entity/Q23781155,1.0
http://moviekg.local/resource/movie_299536,Avengers: Infinity War,Movie,http://www.wikidata.org/entity/Q23780914,1.0
http://moviekg.local/resource/movie_31393,The Unearthly,Movie,http://www.wikidata.org/entity/Q2546069,1.0
http://moviekg.local/resource/movie_315635,Spider-Man: Homecoming,Movie,http://www.wikidata.org/entity/Q23010088,1.0
http://moviekg.local/resource/movie_337170,American Made,Movie,http://www.wikidata.org/entity/Q18811617,1.0
http://moviekg.local/resource/movie_341553,Countess Dora,Movie,http://www.wikidata.org/entity/Q3506191,1.0
http://moviekg.local/resource/movie_360236,Bihotzez,Movie,http://www.wikidata.org/entity/Q65048329,1.0
http://moviekg.local/resource/movie_378584,High Tor,Movie,http://www.wikidata.org/entity/Q51591145,0.5
http://moviekg.local/resource/movie_386948,Beautiful Brazil,Movie,NOT_FOUND,0.0
http://moviekg.local/resource/movie_397770,The Birth,Movie,http://www.wikidata.org/entity/Q16552,0.5
http://moviekg.local/resource/movie_397805,Brothers,Movie,http://www.wikidata.org/entity/Q31184,0.5
http://moviekg.local/resource/movie_425274,Now You See Me: Now You Don't,Movie,http://www.wikidata.org/entity/Q18703028,0.8
http://moviekg.local/resource/movie_429617,Spider-Man: Far From Home,Movie,http://www.wikidata.org/entity/Q27985819,1.0
http://moviekg.local/resource/movie_438631,Dune,Movie,http://www.wikidata.org/entity/Q60834962,1.0
http://moviekg.local/resource/movie_444796,Maximum Thrust,Movie,http://www.wikidata.org/entity/Q117731890,1.0
http://moviekg.local/resource/movie_458576,Monster Hunter,Movie,http://www.wikidata.org/entity/Q56906869,1.0
http://moviekg.local/resource/movie_46283,The Sisters,Movie,http://www.wikidata.org/entity/Q55635545,0.5
http://moviekg.local/resource/movie_46563,Saratoga Trunk,Movie,http://www.wikidata.org/entity/Q1121131,1.0
http://moviekg.local/resource/movie_467905,How to Make a Killing,Movie,http://www.wikidata.org/entity/Q126488898,1.0
http://moviekg.local/resource/movie_475557,Joker,Movie,http://www.wikidata.org/entity/Q42759035,1.0
http://moviekg.local/resource/movie_496243,Parasite,Movie,http://www.wikidata.org/entity/Q61448040,1.0
http://moviekg.local/resource/movie_502356,The Super Mario Bros. Movie,Movie,http://www.wikidata.org/entity/Q108671102,1.0
http://moviekg.local/resource/movie_512850,Ošklivá princezna,Movie,http://www.wikidata.org/entity/Q104893622,1.0
http://moviekg.local/resource/movie_513592,Vodnická čertovina,Movie,http://www.wikidata.org/entity/Q104894936,1.0
http://moviekg.local/resource/movie_515771,Lady Bodyguard,Movie,http://www.wikidata.org/entity/Q20002092,1.0
http://moviekg.local/resource/movie_519182,Despicable Me 4,Movie,http://www.wikidata.org/entity/Q113373276,1.0
http://moviekg.local/resource/movie_533533,TRON: Ares,Movie,http://www.wikidata.org/entity/Q120237363,1.0
http://moviekg.local/resource/movie_533535,Deadpool & Wolverine,Movie,http://www.wikidata.org/entity/Q102180106,1.0
http://moviekg.local/resource/movie_54979,Robinson Crusoe,Movie,http://www.wikidata.org/entity/Q12292447,0.5
http://moviekg.local/resource/movie_561362,Rust Creek,Movie,http://www.wikidata.org/entity/Q59351164,1.0
http://moviekg.local/resource/movie_57214,Project X,Movie,http://www.wikidata.org/entity/Q1110216,0.5
http://moviekg.local/resource/movie_582793,Cradle,Movie,http://www.wikidata.org/entity/Q12062860,0.5
http://moviekg.local/resource/movie_590965,Drag Racer,Movie,http://www.wikidata.org/entity/Q131428424,1.0
http://moviekg.local/resource/movie_62029,Bingo Bongo,Movie,http://www.wikidata.org/entity/Q781526,1.0
http://moviekg.local/resource/movie_634649,Spider-Man: No Way Home,Movie,http://www.wikidata.org/entity/Q68934496,1.0
http://moviekg.local/resource/movie_646315,The Legendary Lighter,Movie,http://www.wikidata.org/entity/Q85984749,0.5
http://moviekg.local/resource/movie_680493,Return to Silent Hill,Movie,http://www.wikidata.org/entity/Q114771310,1.0
http://moviekg.local/resource/movie_687163,Project Hail Mary,Movie,http://www.wikidata.org/entity/Q107105860,1.0
http://moviekg.local/resource/movie_693134,Dune: Part Two,Movie,http://www.wikidata.org/entity/Q109228991,1.0
http://moviekg.local/resource/movie_7451,xXx,Movie,http://www.wikidata.org/entity/Q488111,0.8
http://moviekg.local/resource/movie_746467,USS Christmas,Movie,http://www.wikidata.org/entity/Q109914253,1.0
http://moviekg.local/resource/movie_749343,The Catcher,Movie,http://www.wikidata.org/entity/Q7721701,1.0
http://moviekg.local/resource/movie_755898,War of the Worlds,Movie,http://www.wikidata.org/entity/Q202028,1.0
http://moviekg.local/resource/movie_76600,Avatar: The Way of Water,Movie,http://www.wikidata.org/entity/Q3604746,1.0
http://moviekg.local/resource/movie_798645,The Running Man,Movie,http://www.wikidata.org/entity/Q1058512,1.0
http://moviekg.local/resource/movie_83533,Avatar: Fire and Ash,Movie,http://www.wikidata.org/entity/Q29580929,1.0
http://moviekg.local/resource/movie_840464,Greenland 2: Migration,Movie,http://www.wikidata.org/entity/Q124737605,1.0
http://moviekg.local/resource/movie_858024,Hamnet,Movie,http://www.wikidata.org/entity/Q122741016,1.0
http://moviekg.local/resource/movie_872585,Oppenheimer,Movie,http://www.wikidata.org/entity/Q108839994,1.0
http://moviekg.local/resource/movie_875828,Peaky Blinders: The Immortal Man,Movie,http://www.wikidata.org/entity/Q124355470,1.0
http://moviekg.local/resource/movie_879945,The Unknown Man,Movie,http://www.wikidata.org/entity/Q7771644,1.0
http://moviekg.local/resource/movie_911430,F1,Movie,http://www.wikidata.org/entity/Q1437614,0.5
http://moviekg.local/resource/movie_932852,Six Coups,Movie,http://www.wikidata.org/entity/Q3485576,0.5
http://moviekg.local/resource/movie_96712,The Puppetmaster,Movie,http://www.wikidata.org/entity/Q711170,1.0
http://moviekg.local/resource/movie_969681,Spider-Man: Brand New Day,Movie,http://www.wikidata.org/entity/Q113244935,1.0
http://moviekg.local/resource/movie_978053,Pants,Movie,http://www.wikidata.org/entity/Q39908,0.5
http://moviekg.local/resource/movie_98085,Operation Kid Brother,Movie,http://www.wikidata.org/entity/Q1638257,0.8
http://moviekg.local/resource/movie_991494,The SpongeBob Movie: Search for SquarePants,Movie,http://www.wikidata.org/entity/Q118847776,1.0
http://moviekg.local/resource/movie_991708,El Conde,Movie,http://www.wikidata.org/entity/Q115604159,1.0
http://moviekg.local/resource/movie_999136,Do Not Enter,Movie,http://www.wikidata.org/entity/Q129485961,1.0
http://moviekg.local/resource/person_3638397,Kris Collins,Director,http://www.wikidata.org/entity/Q100771228,0.5
http://moviekg.local/resource/person_124748,Chris Renaud,Director,http://www.wikidata.org/entity/Q351884,0.5
http://moviekg.local/resource/person_40223,Joe Carnahan,Director,http://www.wikidata.org/entity/Q936866,0.5
http://moviekg.local/resource/person_2103746,Emma Tammi,Director,http://www.wikidata.org/entity/Q22667836,0.5
http://moviekg.local/resource/person_57130,Todd Phillips,Director,http://www.wikidata.org/entity/Q362824,0.5
http://moviekg.local/resource/person_2710,James Cameron,Director,http://www.wikidata.org/entity/Q42574,0.5
http://moviekg.local/resource/person_1395183,Chloé Zhao,Director,http://www.wikidata.org/entity/Q21078321,1.0
http://moviekg.local/resource/person_113901,Michael Jelenic,Director,http://www.wikidata.org/entity/Q5394838,0.5
http://moviekg.local/resource/person_76422,Ric Roman Waugh,Director,http://www.wikidata.org/entity/Q23697700,1.0
http://moviekg.local/resource/person_3405582,Tomas Gallardo,Director,http://www.wikidata.org/entity/Q47074307,0.5
http://moviekg.local/resource/person_65734,Luke Greenfield,Director,http://www.wikidata.org/entity/Q322842,1.0
http://moviekg.local/resource/person_81849,Pedro Olea,Director,http://www.wikidata.org/entity/Q1398387,1.0
http://moviekg.local/resource/person_1547457,Mikhail Vaynberg,Director,http://www.wikidata.org/entity/Q58240594,0.8
http://moviekg.local/resource/person_80526,Gray Hofmeyr,Director,http://www.wikidata.org/entity/Q5598191,1.0
http://moviekg.local/resource/person_108,Peter Jackson,Director,http://www.wikidata.org/entity/Q4465,1.0
http://moviekg.local/resource/person_1272981,Ante Novakovic,Director,http://www.wikidata.org/entity/Q120478241,0.5
http://moviekg.local/resource/person_26458,Kevin Williamson,Director,http://www.wikidata.org/entity/Q100450801,0.5
http://moviekg.local/resource/person_1286723,Tatsuya Yoshihara,Director,http://www.wikidata.org/entity/Q89563799,0.5
http://moviekg.local/resource/person_1621115,Marcer Andersen,Director,NOT_FOUND,0.0
http://moviekg.local/resource/person_859754,Bart Layton,Director,http://www.wikidata.org/entity/Q51241374,0.5
http://moviekg.local/resource/person_143059,Patrick Hughes,Director,http://www.wikidata.org/entity/Q3369526,1.0
http://moviekg.local/resource/person_1313091,Zvonimir Berković,Director,http://www.wikidata.org/entity/Q4084936,1.0
http://moviekg.local/resource/person_153323,Allen H. Miner,Director,http://www.wikidata.org/entity/Q106270873,0.5
http://moviekg.local/resource/person_144798,Simon Cellan Jones,Director,http://www.wikidata.org/entity/Q7518443,1.0
http://moviekg.local/resource/person_793,Luis Buñuel,Director,http://www.wikidata.org/entity/Q51545,0.5
http://moviekg.local/resource/person_585435,Saba Kailash,Director,NOT_FOUND,0.0
http://moviekg.local/resource/person_8296,Christophe Gans,Director,http://www.wikidata.org/entity/Q950697,1.0
http://moviekg.local/resource/person_608,Hayao Miyazaki,Director,http://www.wikidata.org/entity/Q55400,1.0
http://moviekg.local/resource/person_1290942,Benni Diez,Director,http://www.wikidata.org/entity/Q108538529,0.8
http://moviekg.local/resource/person_525,Christopher Nolan,Director,http://www.wikidata.org/entity/Q25191,0.5
http://moviekg.local/resource/person_155267,Christopher Miller,Director,http://www.wikidata.org/entity/Q112395897,0.5
http://moviekg.local/resource/person_1197381,Martin Schreier,Director,http://www.wikidata.org/entity/Q43536128,1.0
http://moviekg.local/resource/person_56533,Claudio Fäh,Director,http://www.wikidata.org/entity/Q5129366,1.0
http://moviekg.local/resource/person_4762,Paul Thomas Anderson,Director,http://www.wikidata.org/entity/Q25132,0.5
http://moviekg.local/resource/person_2836102,Martin Melnick,Director,NOT_FOUND,0.0
http://moviekg.local/resource/person_1739102,Domingo González,Director,http://www.wikidata.org/entity/Q42381273,0.5
http://moviekg.local/resource/person_23430,Timur Bekmambetov,Director,http://www.wikidata.org/entity/Q344854,1.0
http://moviekg.local/resource/person_66681,Matt Bettinelli-Olpin,Director,http://www.wikidata.org/entity/Q6788348,1.0
http://moviekg.local/resource/person_1513675,Arthur Berthelet,Director,http://www.wikidata.org/entity/Q2864993,1.0
http://moviekg.local/resource/person_3405585,Damien Samper,Director,NOT_FOUND,0.0
http://moviekg.local/resource/person_18878,Rob Cohen,Director,http://www.wikidata.org/entity/Q503966,1.0
http://moviekg.local/resource/person_225586,Michael M. Scott,Director,http://www.wikidata.org/entity/Q102209374,0.8
http://moviekg.local/resource/person_45928,Marc Klasfeld,Director,http://www.wikidata.org/entity/Q6755668,0.5
http://moviekg.local/resource/person_1895,Carl Reiner,Director,http://www.wikidata.org/entity/Q287793,0.5
http://moviekg.local/resource/person_15218,James Gunn,Director,http://www.wikidata.org/entity/Q717015,0.5
http://moviekg.local/resource/person_2508883,Brent Dawes,Director,http://www.wikidata.org/entity/Q111677167,0.5
http://moviekg.local/resource/person_1211000,Tom Gormican,Director,http://www.wikidata.org/entity/Q23697472,0.5
http://moviekg.local/resource/person_20659,Marjane Satrapi,Director,http://www.wikidata.org/entity/Q126633,1.0
http://moviekg.local/resource/person_1786499,Michał Gazda,Director,http://www.wikidata.org/entity/Q11778752,0.5
http://moviekg.local/resource/person_64061,Fred Schepisi,Director,http://www.wikidata.org/entity/Q703727,0.5
http://moviekg.local/resource/person_97966,"John ""Bud"" Cardos",Director,http://www.wikidata.org/entity/Q6225102,0.8
http://moviekg.local/resource/person_1283010,Haruo Sotozaki,Director,http://www.wikidata.org/entity/Q28687612,0.5
http://moviekg.local/resource/person_212240,Tom Harper,Director,http://www.wikidata.org/entity/Q16220945,1.0
http://moviekg.local/resource/person_116641,James Neilson,Director,http://www.wikidata.org/entity/Q1647147,0.5
http://moviekg.local/resource/person_2122835,Tyree Dillihay,Director,http://www.wikidata.org/entity/Q134931999,0.5
http://moviekg.local/resource/person_1491592,Daniel Chong,Director,http://www.wikidata.org/entity/Q41065588,0.5
http://moviekg.local/resource/person_1099792,John Patton Ford,Director,http://www.wikidata.org/entity/Q115411888,0.5
http://moviekg.local/resource/person_64992,Hou Hsiao-hsien,Director,http://www.wikidata.org/entity/Q435626,1.0
http://moviekg.local/resource/person_89924,William Clemens,Director,http://www.wikidata.org/entity/Q3568507,1.0
http://moviekg.local/resource/person_1305948,Noel Tan,Director,http://www.wikidata.org/entity/Q114905388,0.5
http://moviekg.local/resource/person_129894,Gareth Edwards,Director,http://www.wikidata.org/entity/Q1381089,0.5
http://moviekg.local/resource/person_53657,Pasquale Festa Campanile,Director,http://www.wikidata.org/entity/Q2055700,1.0
http://moviekg.local/resource/person_1252934,Emerald Fennell,Director,http://www.wikidata.org/entity/Q16207879,0.5
http://moviekg.local/resource/person_41222,Arthur Allan Seidelman,Director,http://www.wikidata.org/entity/Q2864976,0.5
http://moviekg.local/resource/person_1795072,Nia DaCosta,Director,http://www.wikidata.org/entity/Q61995088,0.5
http://moviekg.local/resource/person_11694,Doug Liman,Director,http://www.wikidata.org/entity/Q349339,1.0
http://moviekg.local/resource/person_1265055,Pedro Morelli,Director,http://www.wikidata.org/entity/Q95243036,0.5
http://moviekg.local/resource/person_1138584,Vlasta Janečková,Director,http://www.wikidata.org/entity/Q11914043,0.5
http://moviekg.local/resource/person_1277636,Marco Polo Constandse,Director,http://www.wikidata.org/entity/Q56424354,0.5
http://moviekg.local/resource/person_1318201,Jared Bush,Director,http://www.wikidata.org/entity/Q20995253,0.5
http://moviekg.local/resource/person_10367,John Waters,Director,http://www.wikidata.org/entity/Q506081,1.0
http://moviekg.local/resource/person_2115056,Martín Solá,Director,http://www.wikidata.org/entity/Q49707132,0.5
http://moviekg.local/resource/person_1719706,Aaron Horvath,Director,http://www.wikidata.org/entity/Q47492998,0.5
http://moviekg.local/resource/person_21684,Bong Joon Ho,Director,http://www.wikidata.org/entity/Q495980,0.5
http://moviekg.local/resource/person_2236410,Damon Duncan,Director,NOT_FOUND,0.0
http://moviekg.local/resource/person_11090,Edgar Wright,Director,http://www.wikidata.org/entity/Q522057,1.0
http://moviekg.local/resource/person_19271,Anthony Russo,Director,http://www.wikidata.org/entity/Q18018415,1.0
http://moviekg.local/resource/person_12995,Marc Forster,Director,http://www.wikidata.org/entity/Q28497,1.0
http://moviekg.local/resource/person_1489750,Dani de la Torre,Director,http://www.wikidata.org/entity/Q25509288,0.8
http://moviekg.local/resource/person_11873,Roger Kumble,Director,http://www.wikidata.org/entity/Q1374828,1.0
http://moviekg.local/resource/person_10847,Santiago Segura,Director,http://www.wikidata.org/entity/Q509900,0.5
http://moviekg.local/resource/person_4282811,Cameron Uzoka,Director,NOT_FOUND,0.0
http://moviekg.local/resource/person_129561,Josh Safdie,Director,http://www.wikidata.org/entity/Q3089466,0.8
http://moviekg.local/resource/person_147021,S. S. Rajamouli,Director,http://www.wikidata.org/entity/Q3521531,1.0
http://moviekg.local/resource/person_138781,Robert Eggers,Director,http://www.wikidata.org/entity/Q20826736,0.5
http://moviekg.local/resource/person_231043,Charles Kinnane,Director,NOT_FOUND,0.0
http://moviekg.local/resource/person_117615,Boris Petroff,Director,http://www.wikidata.org/entity/Q113957503,1.0
http://moviekg.local/resource/person_13015,Phillip Noyce,Director,http://www.wikidata.org/entity/Q543563,1.0
http://moviekg.local/resource/person_1188556,Gary Glassman,Director,http://www.wikidata.org/entity/Q23062986,0.5
http://moviekg.local/resource/person_566365,Choo Chang-min,Director,http://www.wikidata.org/entity/Q5104728,1.0
http://moviekg.local/resource/person_67367,Rian Johnson,Director,http://www.wikidata.org/entity/Q621818,0.5
http://moviekg.local/resource/person_8246,Barry Levinson,Director,http://www.wikidata.org/entity/Q269692,1.0
http://moviekg.local/resource/person_19272,Joe Russo,Director,http://www.wikidata.org/entity/Q20675767,1.0
http://moviekg.local/resource/person_165787,Rich Moore,Director,http://www.wikidata.org/entity/Q2499079,1.0
http://moviekg.local/resource/person_1232361,Andy Hamilton,Director,http://www.wikidata.org/entity/Q102236197,0.5
http://moviekg.local/resource/person_229962,Mike Thurmeier,Director,http://www.wikidata.org/entity/Q351866,0.5
http://moviekg.local/resource/person_116805,Paul Feig,Director,http://www.wikidata.org/entity/Q2031292,0.5
http://moviekg.local/resource/person_92422,Lennart Hjulström,Director,http://www.wikidata.org/entity/Q1817966,1.0
http://moviekg.local/resource/person_1704,Gore Verbinski,Director,http://www.wikidata.org/entity/Q295463,1.0
http://moviekg.local/resource/person_10828,Guillermo del Toro,Director,http://www.wikidata.org/entity/Q219124,0.5
http://moviekg.local/resource/person_57409,Ana de la Reguera,Director,http://www.wikidata.org/entity/Q256256,0.5
http://moviekg.local/resource/person_2822579,Daniel Kinnane,Director,http://www.wikidata.org/entity/Q114916743,0.5
http://moviekg.local/resource/person_1923093,Carlos Goitia,Director,NOT_FOUND,0.0
http://moviekg.local/resource/person_137427,Denis Villeneuve,Director,http://www.wikidata.org/entity/Q548823,1.0
http://moviekg.local/resource/person_1274776,Anthony Schatteman,Director,http://www.wikidata.org/entity/Q101423061,1.0
http://moviekg.local/resource/person_1056121,Ryan Coogler,Director,http://www.wikidata.org/entity/Q7383978,0.5
http://moviekg.local/resource/person_18899,Yuen Woo-Ping,Director,http://www.wikidata.org/entity/Q460297,1.0
http://moviekg.local/resource/person_2838796,Phil Cunningham,Director,http://www.wikidata.org/entity/Q741390,0.5
http://moviekg.local/resource/person_7395,Bobby Farrelly,Director,http://www.wikidata.org/entity/Q888535,0.5
http://moviekg.local/resource/person_558639,Alex Lovy,Director,http://www.wikidata.org/entity/Q2310245,0.5
http://moviekg.local/resource/person_1293994,Jon Watts,Director,http://www.wikidata.org/entity/Q18519749,1.0
http://moviekg.local/resource/person_4014,Paul W. S. Anderson,Director,http://www.wikidata.org/entity/Q380608,1.0
http://moviekg.local/resource/person_1288727,Jen McGowan,Director,http://www.wikidata.org/entity/Q19592385,1.0
http://moviekg.local/resource/person_17825,Shawn Levy,Director,http://www.wikidata.org/entity/Q323076,0.5
http://moviekg.local/resource/person_1634181,Rich Lee,Director,http://www.wikidata.org/entity/Q7323333,1.0
http://moviekg.local/resource/person_86270,Joseph Kosinski,Director,http://www.wikidata.org/entity/Q2444076,1.0
http://moviekg.local/resource/person_225009,Pablo Larraín,Director,http://www.wikidata.org/entity/Q1985090,1.0
http://moviekg.local/resource/person_2152816,Aditya Dhar,Director,http://www.wikidata.org/entity/Q61013862,0.5
http://moviekg.local/resource/person_2252730,Michael Houston King,Director,NOT_FOUND,0.0
http://moviekg.local/resource/person_3405584,Christophe Rigotti,Director,NOT_FOUND,0.0
http://moviekg.local/resource/person_10790,Sam Wood,Director,http://www.wikidata.org/entity/Q457269,0.5
http://moviekg.local/resource/person_37948,Brad Anderson,Director,http://www.wikidata.org/entity/Q598238,1.0
http://moviekg.local/resource/person_7623,Sam Raimi,Director,http://www.wikidata.org/entity/Q275402,0.5
http://moviekg.local/resource/person_1776,Francis Ford Coppola,Director,http://www.wikidata.org/entity/Q56094,0.5
http://moviekg.local/resource/person_1293127,Paul Miller,Director,http://www.wikidata.org/entity/Q109500884,0.5
http://moviekg.local/resource/person_1452270,Larry Yang,Director,http://www.wikidata.org/entity/Q127428040,0.5
http://moviekg.local/resource/person_12891,Joss Whedon,Director,http://www.wikidata.org/entity/Q298025,0.5
http://moviekg.local/resource/person_101108,Alberto De Martino,Director,http://www.wikidata.org/entity/Q441994,1.0
http://moviekg.local/resource/person_1039527,Tyler Gillett,Director,http://www.wikidata.org/entity/Q16221753,1.0
http://moviekg.local/resource/person_7396,Peter Farrelly,Director,http://www.wikidata.org/entity/Q1368300,1.0
http://moviekg.local/resource/person_122348,Guy Jenkin,Director,http://www.wikidata.org/entity/Q5622368,0.5
http://moviekg.local/resource/person_566109,Jan Komasa,Director,http://www.wikidata.org/entity/Q11718051,1.0
http://moviekg.local/resource/person_76595,Byron Howard,Director,http://www.wikidata.org/entity/Q1018606,1.0
http://moviekg.local/resource/person_4207773,Rodante Pajemna Jr.,Director,NOT_FOUND,0.0
http://moviekg.local/resource/person_1554853,Miroslav Sobota,Director,http://www.wikidata.org/entity/Q103456549,1.0
http://moviekg.local/resource/person_1144604,Destin Daniel Cretton,Director,http://www.wikidata.org/entity/Q15972939,1.0
http://moviekg.local/resource/person_107446,Phil Lord,Director,http://www.wikidata.org/entity/Q7182133,0.8
http://moviekg.local/resource/person_20307,Joachim Rønning,Director,http://www.wikidata.org/entity/Q1782299,1.0
http://moviekg.local/resource/person_956,Guy Ritchie,Director,http://www.wikidata.org/entity/Q5622561,0.8
http://moviekg.local/resource/person_2365816,Jeremy Wiles,Director,NOT_FOUND,0.0
http://moviekg.local/resource/person_3405581,Matthieu Castex,Director,NOT_FOUND,0.0
http://moviekg.local/resource/person_54525,Jaume Balagueró,Director,http://www.wikidata.org/entity/Q471000,1.0
http://moviekg.local/resource/person_2784807,Shota Goshozono,Director,http://www.wikidata.org/entity/Q117288879,0.5
http://moviekg.local/resource/person_2452607,Chae Ki-jun,Director,NOT_FOUND,0.0
http://moviekg.local/resource/person_1485823,Thomas Kail,Director,http://www.wikidata.org/entity/Q3353479,0.5
http://moviekg.local/resource/person_3405580,Myriam Aguiriano,Director,NOT_FOUND,0.0
http://moviekg.local/resource/person_98537,John Stalberg Jr.,Director,http://www.wikidata.org/entity/Q6258785,0.8
http://moviekg.local/resource/person_91268,Ruben Fleischer,Director,http://www.wikidata.org/entity/Q521691,1.0
http://moviekg.local/resource/person_3405583,Aymeric Mezaute,Director,NOT_FOUND,0.0
http://moviekg.local/resource/person_1401474,Corin Hardy,Director,http://www.wikidata.org/entity/Q22955213,1.0
http://moviekg.local/resource/person_582827,Raja Collins,Director,NOT_FOUND,0.0
http://moviekg.local/resource/person_13265,Franklin J. Schaffner,Director,http://www.wikidata.org/entity/Q51503,1.0
http://moviekg.local/resource/person_568322,Dan Trachtenberg,Director,http://www.wikidata.org/entity/Q5214505,0.5
http://moviekg.local/resource/person_1299380,Nima Nourizadeh,Director,http://www.wikidata.org/entity/Q2319466,1.0
http://moviekg.local/resource/person_87877,Roar Uthaug,Director,http://www.wikidata.org/entity/Q1780665,1.0
http://moviekg.local/resource/person_1392433,Julia Ducournau,Director,http://www.wikidata.org/entity/Q24061147,1.0
http://moviekg.local/resource/person_1204333,Taavi Vartia,Director,http://www.wikidata.org/entity/Q7672833,0.5
http://moviekg.local/resource/person_37710,Peter Hyams,Director,http://www.wikidata.org/entity/Q458766,1.0
http://moviekg.local/resource/person_68687,Bill Forsyth,Director,http://www.wikidata.org/entity/Q738037,1.0
http://moviekg.local/resource/person_3398276,Koyanagi Naoko,Director,NOT_FOUND,0.0
http://moviekg.local/resource/person_1579059,Vanessa Caswill,Director,http://www.wikidata.org/entity/Q89835335,0.5
http://moviekg.local/resource/person_40230,Kevin Hooks,Director,http://www.wikidata.org/entity/Q2453153,0.5
http://moviekg.local/resource/person_133115,E.W. Swackhamer,Director,http://www.wikidata.org/entity/Q3045749,0.5
http://moviekg.local/resource/person_70652,Derek Drymon,Director,http://www.wikidata.org/entity/Q931961,0.5
http://moviekg.local/resource/person_88039,Steven R. Monroe,Director,http://www.wikidata.org/entity/Q7615177,1.0
http://moviekg.local/resource/person_2034,Danny Boyle,Director,http://www.wikidata.org/entity/Q134867,0.5
